{"cameraMode":{"drawMode":0,"name":"Shaded","section":"Shading Mode"},"sceneLighting":false,"audioPlay":false,"sceneViewState":{"showFog":true,"showMaterialUpdate":false,"showSkybox":true,"showFlares":true,"showImageEffects":true,"showParticleSystems":true},"in2DMode":false,"pivot":{"x":0.24410274624824525,"y":2.52299165725708,"z":-0.12693974375724793},"rotation":{"x":-0.05143538489937782,"y":-0.9406379461288452,"z":0.16592684388160706,"w":-0.2915867865085602},"size":4.810535430908203,"orthographic":false}