{"cameraMode":{"drawMode":0,"name":"Shaded","section":"Shading Mode"},"sceneLighting":false,"audioPlay":false,"sceneViewState":{"showFog":true,"showMaterialUpdate":false,"showSkybox":true,"showFlares":true,"showImageEffects":true,"showParticleSystems":true},"in2DMode":false,"pivot":{"x":2.5115931034088136,"y":1.1559460163116456,"z":8.380367279052735},"rotation":{"x":-0.3542444705963135,"y":-0.18614673614501954,"z":0.07217803597450257,"w":-0.9135921597480774},"size":4.553978443145752,"orthographic":false}